what,kind,bundleId,bundleVersion,description,time
started,bundle,org.eclipse.equinox.p2.engine,2.0.0.v20100606,"org.eclipse.equinox.p2.engine",1355762510968
started,bundle,org.eclipse.equinox.p2.metadata,2.0.0.v20100601,"org.eclipse.equinox.p2.metadata",1355762511187
started,bundle,org.eclipse.equinox.p2.metadata.repository,1.1.0.v20100513,"org.eclipse.equinox.p2.metadata.repository",1355762511265
started,bundle,org.eclipse.equinox.p2.operations,2.0.0.v20100510,"org.eclipse.equinox.p2.operations",1355762511390
started,bundle,org.eclipse.equinox.p2.reconciler.dropins,1.1.0.v20100525,"org.eclipse.equinox.p2.reconciler.dropins",1355762511468
started,bundle,org.eclipse.equinox.p2.repository,2.0.0.v20100519,"org.eclipse.equinox.p2.repository",1355762511562
started,bundle,org.eclipse.equinox.p2.ui.sdk.scheduler,1.0.0.v20100507-1815,"org.eclipse.equinox.p2.ui.sdk.scheduler",1355762511625
started,bundle,org.eclipse.equinox.p2.updatechecker,1.1.100.v20100503a,"org.eclipse.equinox.p2.updatechecker",1355762511640
started,bundle,org.eclipse.equinox.preferences,3.3.0.v20100503,"org.eclipse.equinox.preferences",1355762511687
started,bundle,org.eclipse.equinox.registry,3.5.0.v20100503,"org.eclipse.equinox.registry",1355762511750
started,bundle,org.eclipse.equinox.security,1.0.200.v20100503,"org.eclipse.equinox.security",1355762511937
started,bundle,org.eclipse.equinox.util,1.0.200.v20100503,"org.eclipse.equinox.util",1355762511984
started,bundle,org.eclipse.help,3.5.0.v20100524,"org.eclipse.help",1355762512078
started,bundle,org.eclipse.jdt.core,3.6.0.v_A58,"org.eclipse.jdt.core",1355762512218
started,bundle,org.eclipse.jdt.core.manipulation,1.3.0.v20100520-0800,"org.eclipse.jdt.core.manipulation",1355762512234
started,bundle,org.eclipse.jdt.ui,3.6.0.v20100602-1600,"org.eclipse.jdt.ui",1355762512421
started,bundle,org.eclipse.jem.util,2.1.0.v201005130500,"org.eclipse.jem.util",1355762512484
started,bundle,org.eclipse.jface,3.6.0.I20100601-0800,"org.eclipse.jface",1355762512531
started,bundle,org.eclipse.jsch.core,1.1.200.I20100505-1245,"org.eclipse.jsch.core",1355762512546
started,bundle,org.eclipse.jst.common.project.facet.core,1.4.100.v201004202202,"org.eclipse.jst.common.project.facet.core",1355762512687
started,bundle,org.eclipse.jst.j2ee.webservice,1.1.400.v201004110600,"org.eclipse.jst.j2ee.webservice",1355762513203
started,bundle,org.eclipse.jst.j2ee.webservice.ui,1.1.400.v201004110600,"org.eclipse.jst.j2ee.webservice.ui",1355762513281
started,bundle,org.eclipse.jst.server.core,1.2.101.v20100421,"org.eclipse.jst.server.core",1355762513375
started,bundle,org.eclipse.jst.ws.jaxrs.core,1.0.0.v201005191955,"org.eclipse.jst.ws.jaxrs.core",1355762513453
started,bundle,org.eclipse.jst.ws.jaxws.utils,1.0.0.v201004171919,"org.eclipse.jst.ws.jaxws.utils",1355762513515
started,bundle,org.eclipse.mylyn.commons.net,3.4.0.v20100608-0100-e3x,"org.eclipse.mylyn.commons.net",1355762513515
started,bundle,org.eclipse.mylyn.monitor.ui,3.4.0.v20100608-0100-e3x,"org.eclipse.mylyn.monitor.ui",1355762513562
started,bundle,org.eclipse.sapphire.modeling,0.1.1.201101192016,"org.eclipse.sapphire.modeling",1355762513640
started,bundle,org.eclipse.team.core,3.5.100.I20100527-0800,"org.eclipse.team.core",1355762513765
started,bundle,org.eclipse.team.cvs.core,3.3.300.I20100526-0800,"org.eclipse.team.cvs.core",1355762513859
started,bundle,org.eclipse.team.cvs.ui,3.3.300.I20100526-0800,"org.eclipse.team.cvs.ui",1355762514000
started,bundle,org.eclipse.team.ui,3.5.100.I20100527-0800,"org.eclipse.team.ui",1355762514125
started,bundle,org.eclipse.ui,3.6.0.I20100603-1100,"org.eclipse.ui",1355762514218
started,bundle,org.eclipse.ui.console,3.5.0.v20100526,"org.eclipse.ui.console",1355762514312
started,bundle,org.eclipse.ui.editors,3.6.0.v20100520-0800,"org.eclipse.ui.editors",1355762514515
started,bundle,org.eclipse.ui.ide,3.6.0.I20100601-0800,"org.eclipse.ui.ide",1355762514609
started,bundle,org.eclipse.ui.navigator,3.5.0.I20100601-0800,"org.eclipse.ui.navigator",1355762514718
started,bundle,org.eclipse.ui.navigator.resources,3.4.200.I20100601-0800,"org.eclipse.ui.navigator.resources",1355762514781
started,bundle,org.eclipse.ui.net,1.2.100.I20100505-1245,"org.eclipse.ui.net",1355762514812
started,bundle,org.eclipse.ui.views,3.5.0.I20100527-0800,"org.eclipse.ui.views",1355762514859
started,bundle,org.eclipse.ui.workbench,3.6.0.I20100603-1100,"org.eclipse.ui.workbench",1355762514921
started,bundle,org.eclipse.ui.workbench.texteditor,3.6.0.v20100520-0800,"org.eclipse.ui.workbench.texteditor",1355762515031
started,bundle,org.eclipse.wst.common.emf,1.2.0.v201005200700,"org.eclipse.wst.common.emf",1355762515093
started,bundle,org.eclipse.wst.common.emfworkbench.integration,1.2.0.v201004110600,"org.eclipse.wst.common.emfworkbench.integration",1355762515140
started,bundle,org.eclipse.wst.common.frameworks,1.2.0.v201003040800,"org.eclipse.wst.common.frameworks",1355762515171
started,bundle,org.eclipse.wst.common.project.facet.core,1.4.100.v201005190114-p001,"org.eclipse.wst.common.project.facet.core",1355762515250
started,bundle,org.eclipse.wst.jsdt.core,1.1.0.v201006030738,"org.eclipse.wst.jsdt.core",1355762515328
started,bundle,org.eclipse.wst.jsdt.manipulation,1.0.200.v201004150600,"org.eclipse.wst.jsdt.manipulation",1355762515390
started,bundle,org.eclipse.wst.jsdt.ui,1.1.0.v201005200157,"org.eclipse.wst.jsdt.ui",1355762515671
started,bundle,org.eclipse.wst.server.core,1.1.202.v20100518,"org.eclipse.wst.server.core",1355762515765
started,bundle,org.eclipse.wst.server.ui,1.1.303.v20100601-p001,"org.eclipse.wst.server.ui",1355762515812
started,bundle,org.eclipse.wst.web,1.1.400.v201005270700,"org.eclipse.wst.web",1355762515906
started,bundle,org.eclipse.wst.xml.core,1.1.500.v201005271618,"org.eclipse.wst.xml.core",1355762516000
started,bundle,org.python.pydev,1.5.7.2010050621,"org.python.pydev",1355762516062
started,bundle,org.python.pydev.core,1.5.7.2010050621,"org.python.pydev.core",1355762516093
started,bundle,org.springframework.ide.eclipse.aop.core,2.5.2.201101081000-RELEASE,"org.springframework.ide.eclipse.aop.core",1355762516171
started,bundle,org.springframework.ide.eclipse.aop.ui,2.5.2.201101081000-RELEASE,"org.springframework.ide.eclipse.aop.ui",1355762516250
started,bundle,org.springframework.ide.eclipse.beans.core,2.5.2.201101081000-RELEASE,"org.springframework.ide.eclipse.beans.core",1355762516359
started,bundle,org.springframework.ide.eclipse.beans.ui,2.5.2.201101081000-RELEASE,"org.springframework.ide.eclipse.beans.ui",1355762516453
started,bundle,org.springframework.ide.eclipse.core,2.5.2.201101081000-RELEASE,"org.springframework.ide.eclipse.core",1355762516562
started,bundle,org.springframework.ide.eclipse.ui,2.5.2.201101081000-RELEASE,"org.springframework.ide.eclipse.ui",1355762516718
started,bundle,com.collabnet.subversion.merge,3.0.5,"com.collabnet.subversion.merge",1355762516734
started,bundle,org.tigris.subversion.clientadapter,1.8.0,"org.tigris.subversion.clientadapter",1355762516734
started,bundle,org.tigris.subversion.subclipse.core,1.8.4,"org.tigris.subversion.subclipse.core",1355762516734
started,bundle,org.tigris.subversion.subclipse.ui,1.8.4,"org.tigris.subversion.subclipse.ui",1355762516734
os,sysinfo,,,"win32",1355762516750
arch,sysinfo,,,"x86",1355762516750
ws,sysinfo,,,"win32",1355762516750
locale,sysinfo,,,"en_US",1355762516750
processors,sysinfo,,,"2",1355762516750
java.runtime.name,sysinfo,,,"Java(TM) SE Runtime Environment",1355762516750
java.runtime.version,sysinfo,,,"1.7.0-ea-b59",1355762516750
java.specification.name,sysinfo,,,"Java Platform API Specification",1355762516750
java.specification.vendor,sysinfo,,,"Sun Microsystems Inc.",1355762516750
java.specification.version,sysinfo,,,"1.7",1355762516750
java.vendor,sysinfo,,,"Sun Microsystems Inc.",1355762516750
java.version,sysinfo,,,"1.7.0-ea",1355762516750
java.vm.info,sysinfo,,,"mixed mode",1355762516750
java.vm.name,sysinfo,,,"Java HotSpot(TM) Client VM",1355762516750
java.vm.specification.name,sysinfo,,,"Java Virtual Machine Specification",1355762516750
java.vm.specification.vendor,sysinfo,,,"Sun Microsystems Inc.",1355762516750
java.vm.specification.version,sysinfo,,,"1.0",1355762516750
java.vm.vendor,sysinfo,,,"Sun Microsystems Inc.",1355762516750
java.vm.version,sysinfo,,,"16.0-b03",1355762516750
started,bundle,org.eclipse.mylyn.bugzilla.ui,3.4.0.v20100608-0100-e3x,"org.eclipse.mylyn.bugzilla.ui",1355762517000
started,bundle,org.eclipse.wst.sse.core,1.1.500.v201006020308,"org.eclipse.wst.sse.core",1355762517187
started,bundle,org.eclipse.equinox.p2.artifact.repository,1.1.0.v20100513,"org.eclipse.equinox.p2.artifact.repository",1355762517312
started,bundle,org.eclipse.ui.forms,3.5.0.v20100427,"org.eclipse.ui.forms",1355762518546
started,bundle,org.eclipse.epp.usagedata.ui,1.3.0.R201005261100,"org.eclipse.epp.usagedata.ui",1355762518750
started,bundle,org.eclipse.jst.jsp.core,1.2.300.v201005271731,"org.eclipse.jst.jsp.core",1355762518921
started,bundle,org.eclipse.equinox.p2.touchpoint.eclipse,2.0.0.v20100513,"org.eclipse.equinox.p2.touchpoint.eclipse",1355762518937
started,bundle,org.eclipse.jst.jsf.common,1.2.0.v20100604-p001,"org.eclipse.jst.jsf.common",1355762519312
started,bundle,org.eclipse.mylyn.context.core,3.4.0.v20100608-0100-e3x,"org.eclipse.mylyn.context.core",1355762519328
started,bundle,oracle.eclipse.tools.common.services,3.2.0.201101271036,"oracle.eclipse.tools.common.services",1355762519515
started,bundle,org.eclipse.mylyn.context.ui,3.4.0.v20100608-0100-e3x,"org.eclipse.mylyn.context.ui",1355762520125
started,bundle,org.eclipse.mylyn.tasks.ui,3.4.0.v20100608-0100-e3x,"org.eclipse.mylyn.tasks.ui",1355762522312
started,bundle,org.eclipse.mylyn.team.ui,3.4.0.v20100608-0100-e3x,"org.eclipse.mylyn.team.ui",1355762522671
started,bundle,org.eclipse.update.scheduler,3.2.300.v20100512,"org.eclipse.update.scheduler",1355762522921
started,bundle,org.eclipse.update.configurator,3.3.100.v20100512,"org.eclipse.update.configurator",1355762525406
started,bundle,org.eclipse.update.core,3.2.400.v20100512,"org.eclipse.update.core",1355762525484
started,bundle,org.springframework.ide.eclipse.osgi.targetdefinition,2.5.2.201101081000-RELEASE,"org.springframework.ide.eclipse.osgi.targetdefinition",1355762525796
started,bundle,org.springframework.ide.eclipse.uaa,2.5.2.201101081000-RELEASE,"org.springframework.ide.eclipse.uaa",1355762528125
started,bundle,org.jboss.tools.common,3.2.0.v20110215-1235-H25-GA,"org.jboss.tools.common",1355762528671
started,bundle,org.eclipse.ecf.filetransfer,4.0.0.v20100529-0735,"org.eclipse.ecf.filetransfer",1355762529484
started,bundle,org.jboss.tools.common.model,3.2.0.v20110215-1235-H25-GA,"org.jboss.tools.common.model",1355762529500
started,bundle,edu.hawaii.ics.csdl.jupiter,3.6.0,"edu.hawaii.ics.csdl.jupiter",1355762530265
started,bundle,org.eclipse.ecf.identity,3.1.0.v20100529-0735,"org.eclipse.ecf.identity",1355762530312
started,bundle,org.eclipse.ecf,3.1.0.v20100529-0735,"org.eclipse.ecf",1355762530968
started,bundle,org.eclipse.ecf.provider.filetransfer.httpclient,4.0.0.v20100529-0735,"org.eclipse.ecf.provider.filetransfer.httpclient",1355762531343
started,bundle,org.eclipse.ecf.provider.filetransfer,3.1.0.v20100529-0735,"org.eclipse.ecf.provider.filetransfer",1355762531546
started,bundle,org.tigris.subversion.subclipse.tools.usage,1.1.0,"org.tigris.subversion.subclipse.tools.usage",1355762531687
deactivated,workbench,org.eclipse.ui.workbench,3.6.0.I20100603-1100,"",1355762532000
started,bundle,org.eclipse.equinox.p2.director,2.0.0.v20100525,"org.eclipse.equinox.p2.director",1355762534812
started,bundle,org.eclipse.equinox.p2.garbagecollector,1.0.100.v20100503,"org.eclipse.equinox.p2.garbagecollector",1355762535031
started,bundle,org.tigris.subversion.subclipse.mylyn,3.0.0,"org.tigris.subversion.subclipse.mylyn",1355762541953
activated,workbench,org.eclipse.ui.workbench,3.6.0.I20100603-1100,"",1355764914109
deactivated,workbench,org.eclipse.ui.workbench,3.6.0.I20100603-1100,"",1355764915750
activated,workbench,org.eclipse.ui.workbench,3.6.0.I20100603-1100,"",1355764915890
deactivated,workbench,org.eclipse.ui.workbench,3.6.0.I20100603-1100,"",1355764917093
activated,workbench,org.eclipse.ui.workbench,3.6.0.I20100603-1100,"",1355764924406
opened,view,org.eclipse.ui.ide,3.6.0.I20100601-0800,"org.eclipse.ui.views.ResourceNavigator",1355764937125
started,bundle,org.eclipse.ui.views.properties.tabbed,3.5.100.I20100509-0800,"org.eclipse.ui.views.properties.tabbed",1355764937531
started,bundle,org.eclipse.jst.jsf.common.ui,1.2.0.v20100329,"org.eclipse.jst.jsf.common.ui",1355764937656
started,bundle,org.eclipse.jst.pagedesigner,1.3.0.v20100510-p001,"org.eclipse.jst.pagedesigner",1355764937687
activated,view,org.eclipse.ui.ide,3.6.0.I20100601-0800,"org.eclipse.ui.views.ResourceNavigator",1355764937875
executed,command,org.eclipse.ui,3.6.0.I20100603-1100,"org.eclipse.ui.views.showView",1355764938140
deactivated,workbench,org.eclipse.ui.workbench,3.6.0.I20100603-1100,"",1355764945937
activated,workbench,org.eclipse.ui.workbench,3.6.0.I20100603-1100,"",1355764961171
activated,view,org.eclipse.ui.navigator.resources,3.4.200.I20100601-0800,"org.eclipse.ui.navigator.ProjectExplorer",1355764961328
closed,workbench,org.eclipse.ui.workbench,3.6.0.I20100603-1100,"",1355764962828
stopped,bundle,eclipseme.core.resources,1.7.8,"eclipseme.core.resources",1355764967562
stopped,bundle,eclipseme.toolkit.me4se,1.7.7,"eclipseme.toolkit.me4se",1355764967718
stopped,bundle,eclipseme.toolkit.microemu,1.7.8,"eclipseme.toolkit.microemu",1355764967796
stopped,bundle,eclipseme.toolkit.motorola,1.7.7,"eclipseme.toolkit.motorola",1355764967890
stopped,bundle,eclipseme.toolkit.mpowerplayer,1.7.7,"eclipseme.toolkit.mpowerplayer",1355764967968
stopped,bundle,eclipseme.toolkit.uei,1.7.8,"eclipseme.toolkit.uei",1355764968015
stopped,bundle,eclipseme.ui,1.7.8,"eclipseme.ui",1355764968015
stopped,bundle,eclipseme.core,1.7.9,"eclipseme.core",1355764968015
stopped,bundle,antenna.preprocessor.v2,1.7.7,"antenna.preprocessor.v2",1355764968156
stopped,bundle,oracle.eclipse.tools.orm.ui,3.2.0.201101271036,"oracle.eclipse.tools.orm.ui",1355764968265
stopped,bundle,oracle.eclipse.tools.spring.ui,3.2.0.201101271036,"oracle.eclipse.tools.spring.ui",1355764968265
stopped,bundle,oracle.eclipse.tools.orm,3.2.0.201101271036,"oracle.eclipse.tools.orm",1355764968265
stopped,bundle,oracle.eclipse.tools.weblogic.legacy,3.2.0.201101271036,"oracle.eclipse.tools.weblogic.legacy",1355764968343
stopped,bundle,org.eclipse.jst.j2ee.xdoclet.runtime,1.1.300.v201004280700,"org.eclipse.jst.j2ee.xdoclet.runtime",1355764968546
stopped,bundle,org.eclipse.jst.j2ee.ejb.annotations.xdoclet,1.2.100.v201003112036,"org.eclipse.jst.j2ee.ejb.annotations.xdoclet",1355764968796
stopped,bundle,oracle.eclipse.tools.glassfish,3.2.0.201101241555,"oracle.eclipse.tools.glassfish",1355764968796
stopped,bundle,org.eclipse.jst.server.generic.jboss,1.6.1.v200904151730,"org.eclipse.jst.server.generic.jboss",1355764969078
stopped,bundle,org.eclipse.jst.server.generic.jonas,1.5.205.v200805140145,"org.eclipse.jst.server.generic.jonas",1355764969218
stopped,bundle,org.eclipse.jst.server.generic.oc4j,1.5.206.v20090812,"org.eclipse.jst.server.generic.oc4j",1355764969390
stopped,bundle,org.eclipse.jst.server.websphere.core,1.0.302.v20080620,"org.eclipse.jst.server.websphere.core",1355764969531
stopped,bundle,org.eclipse.jst.server.generic.ui,1.0.505.v20100428,"org.eclipse.jst.server.generic.ui",1355764969671
stopped,bundle,org.eclipse.jst.server.generic.core,1.0.606.v20100512,"org.eclipse.jst.server.generic.core",1355764969718
stopped,bundle,org.eclipse.mylyn.ide.ant,3.4.0.v20100608-0100-e3x,"org.eclipse.mylyn.ide.ant",1355764969781
